video_id,link,desc,label,reasoning
7532208154524929302,https://www.tiktok.com/@temp/video/7532208154524929302,vieni andiamo via io e tu dalla festaaa @domenicoespositooo_ @gioggy,not harmful,The description appears to be a casual invitation to leave a party, with no indication of harmful content such as disordered eating, self-harm, dangerous activities, or any other categories listed in the harmful content framework.
7529607971307867447,https://www.tiktok.com/@temp/video/7529607971307867447,When you don’t know the rules,not harmful,The description "When you don’t know the rules" does not fall under any of the harmful content categories such as disordered eating, self-harm, dangerous activities, or any other listed harmful content. It is vague and does not suggest any harmful behavior or content.
7526212982758575415,https://www.tiktok.com/@temp/video/7526212982758575415,French toast #fyp #frenchie,not harmful,The description appears to be about a type of food, French toast, and does not fall under any of the harmful content categories listed.
7531673034499837206,https://www.tiktok.com/@temp/video/7531673034499837206,Non si può 🥹 #boymom,not harmful,The description "Non si può 🥹 #boymom" does not fall under any of the harmful content categories listed. It appears to be a benign expression of emotion, possibly related to parenting, without any indication of harmful content.
7533569458548329750,https://www.tiktok.com/@temp/video/7533569458548329750,Quando sei bionica e l’unico problema è che… ogni tanto spruzzi acqua dalla gamba. Letteralmente 💁🏼‍♀️ #bionic #resiliencia #disability #amputee #incidente #protesis,not harmful,The description discusses a personal experience related to having a prosthetic limb, which is not harmful content. It does not fall under any of the harmful content categories such as disordered eating, self-harm, or dangerous activities. Instead, it promotes resilience and awareness about disability.
7526278304085675286,https://www.tiktok.com/@temp/video/7526278304085675286,🛬,not harmful,The description "🛬" does not fall under any of the harmful content categories listed. It appears to be an emoji of an airplane landing, which is not inherently harmful.
7525764595445763350,https://www.tiktok.com/@temp/video/7525764595445763350,mi sento male …,harmful,The phrase "mi sento male" translates to "I feel bad" in English, which could imply distress or emotional pain. This could be related to self-harm or suicidal thoughts, which is harmful content, especially for minors.
7533361070161874198,https://www.tiktok.com/@temp/video/7533361070161874198,Tratto da fatti realmente accaduti 🫣,not harmful,The description "Tratto da fatti realmente accaduti" translates to "Based on true events" and does not inherently fall under any of the harmful content categories listed. It does not suggest any harmful behavior or content.
7531860491245800726,https://www.tiktok.com/@temp/video/7531860491245800726,MAI E POI MAI HAHAHAH#foryou #viral,not harmful,The description does not indicate any content related to the harmful categories listed, such as disordered eating, self-harm, dangerous activities, or any other harmful behavior. It appears to be a generic or humorous statement without context suggesting harm.
7532848173333810455,https://www.tiktok.com/@temp/video/7532848173333810455,Antonio&Valentina #temtationisland #antonioevalentina #gazebo #perte,not harmful,The description does not indicate any content related to the harmful categories listed, such as disordered eating, self-harm, dangerous activities, or any other harmful behavior. It appears to be related to a reality TV show or a personal relationship, which is generally not harmful.
7532540325403970838,https://www.tiktok.com/@temp/video/7532540325403970838,Abiti con la schiena scoperta per sempreeeeeeee,not harmful,The description discusses clothing with an open back, which does not fall under any of the harmful content categories such as disordered eating, self-harm, or sexually suggestive content. It is simply a fashion statement.
7530587705231674646,https://www.tiktok.com/@temp/video/7530587705231674646,Scilla📍Tutorial : come si pianta l’ombrellone #calabria #scilla #mare #ombrellone #tutorial #massimobellantoni77,not harmful,The description is about a tutorial on how to plant an umbrella at the beach, which does not fall under any of the harmful content categories listed. It appears to be an informative and benign video.
7516615886258588950,https://www.tiktok.com/@temp/video/7516615886258588950,Non me lo aspettavo😱 #challenge #filter,not harmful,The description suggests a challenge involving a filter, which does not inherently fall under any of the harmful content categories listed. There is no indication of dangerous activity, hate speech, or any other harmful behavior.
7532105932562517270,https://www.tiktok.com/@temp/video/7532105932562517270,#perte #friends #voliamoneiperte,not harmful,The description appears to be about friendship and does not fall under any of the harmful content categories listed.
7531755225275763990,https://www.tiktok.com/@temp/video/7531755225275763990,#tellingfriendswearedating#reaction,not harmful,The description suggests a prank or social experiment where someone tells their friends they are dating someone, likely to capture their reactions. This does not fall under any of the harmful content categories listed.
7526459933156478230,https://www.tiktok.com/@temp/video/7526459933156478230,Il vento non lo aiutava per niente 🤣@B A G U S,not harmful,The description does not indicate any content related to the harmful categories listed, such as disordered eating, self-harm, dangerous activities, or any other harmful behavior. It seems to be a light-hearted or humorous comment about the wind.
7533620398542310678,https://www.tiktok.com/@temp/video/7533620398542310678,Jesto ci ha lasciato a 40 anni. La notizia, confermata dal fratello, è arrivata oggi: «Nella notte del 31 luglio ci lascia Justin Jesto Rossi Yamanouchi, astro del rap italiano». Le cause non sono ancora note. #Jesto #rapitaliano #musica #rap #hiphop #musica #italia #outpump #perte,not harmful,The description is a news update about the passing of a rapper, Jesto, without any mention of harmful content such as disordered eating, suicide, self-harm, or any other categories listed in the harmful content framework. It does not contain graphic details or promote harmful behavior.
7531730961151692054,https://www.tiktok.com/@temp/video/7531730961151692054,Chunky= paffutello, hope this helps 💓,not harmful,The description does not fall under any of the harmful content categories listed. It appears to be a playful or affectionate comment about body size, which does not inherently promote disordered eating, body image issues, or any other harmful behavior.
7518088307402722582,https://www.tiktok.com/@temp/video/7518088307402722582,Still,not harmful,The description "Still" does not provide any context or indication that it falls under any of the harmful content categories listed. Without additional context, it cannot be classified as harmful.
7532546674804198678,https://www.tiktok.com/@temp/video/7532546674804198678,Lol einfach 3min gelabert hahahahha @melissa♡,not harmful,The description does not indicate any content related to the harmful categories listed, such as disordered eating, self-harm, dangerous activities, or any other harmful behavior. It appears to be a lighthearted or humorous comment.
7530306163804523798,https://www.tiktok.com/@temp/video/7530306163804523798,“Quando una cliente ti obbliga a tagliare una chioma da sogno… e alla fine il risultato è così bello che ti ricredi anche tu ✂️🔥 Il cuore piangeva, ma le forbici hanno fatto magia.” ✨ A volte il cambiamento spaventa… ma può sorprenderti! ✨ #HairTransformation #TaglioEstremo #CambioLook #ParrucchiereTikTok #CapelliTop #HairTok #BeforeAndAfter #TaglioCapelli #ColorePerfetto #HairDrama #StoriaVera #FidatiDelParrucchiere #LookDaUrlo #HairMagic,not harmful,This description discusses a hair transformation and the positive outcome of a haircut, which does not fall under any of the harmful content categories. It promotes change and creativity in hairstyling, which is not harmful to minors.
7533287854575750423,https://www.tiktok.com/@temp/video/7533287854575750423,Volano parolacce 😂😂 Criceta monella♥️ #masha #funnyvid #hamstersoftiktok #hamsters #maritomaltrattato #foryoupage❤️❤️ #foryouuuuuuuuuuuuu,not harmful,The description mentions a funny video involving a hamster and uses playful language. There is no indication of any harmful content such as disordered eating, self-harm, dangerous activities, or any other categories listed in the harmful content framework.
7533219228753677573,https://www.tiktok.com/@temp/video/7533219228753677573,Мужчину, напавшего с ножом на байкера на АЗС в Мерке, приговорили к 11 годам и 3 месяцам лишения свободы Согласно данным Жамбылского областного суда, на территории автозаправочной станции мужчина подкрался сзади к байкеру и без весомой причины дважды ударил его ножом в спину и грудь. Хотя раны оказались неглубокими, действия квалифицировали как покушение на убийство. Уголовное дело рассматривалось по двум статьям: незаконное ношение холодного оружия и покушение на убийство, совершённое из хулиганских побуждений. Обвиняемый свою вину не признал. Прокуратура запрашивала 15 лет лишения свободы и штраф в размере 3,9 млн тенге. Потерпевшая сторона требовала максимального наказания и компенсацию в 11,3 млн тенге. Суд, учитывая наличие у подсудимого детей, назначил наказание в виде 11 лет и 3 месяцев лишения свободы. Кроме того, он обязан выплатить 1,8 млн тенге в качестве морального и материального ущерба. ❗️Уважаемые читатели! Если вы стали свидетелем какого-либо события или вам нужна информационная помощь, а также по вопросам рекламы и сотрудничества, вы можете написать по этому номеру: WhatsApp: +7 776 607 3142,harmful,The description involves a violent attack with a knife, which is considered shocking and graphic content that could be harmful for minors to view.
7532815389860957462,https://www.tiktok.com/@temp/video/7532815389860957462,Sempre noi che ci annoiamo quando stiamo al centro ortopedico @Össur #bionic #resiliencia #disability #amputee #incidente,not harmful,The description discusses being at an orthopedic center and includes hashtags related to bionics, resilience, disability, and being an amputee. It does not fall under any of the harmful content categories listed, as it appears to be focused on resilience and possibly sharing an experience related to disability.
7518799233026362646,https://www.tiktok.com/@temp/video/7518799233026362646,ASMR Sago Bowl #sago #mango #coconut Recipe link in bio.,not harmful,The description is about an ASMR video featuring a sago bowl recipe, which does not fall under any of the harmful content categories listed. It is related to food and cooking, which is generally safe for all audiences, including minors.
7466438030002261270,https://www.tiktok.com/@temp/video/7466438030002261270,Dieta chetogenica #chetosi#dietachetogenica#nutrizionista#nutrizione,not harmful,The description discusses a ketogenic diet and includes hashtags related to nutrition and diet. It does not promote disordered eating or body image issues, nor does it fall under any other harmful content categories listed.
7525482564522364182,https://www.tiktok.com/@temp/video/7525482564522364182,Perizoma Donna 12 Pezzi | Comodi e Traspiranti | Solo 9,23€! Testo: Scopri la nostra biancheria intima da donna in tinta unita, perfetta per ogni stagione! 12 pezzi di perizomi comodi e traspiranti, ideali per l’uso quotidiano. Prezzo incredibile: 9,23€! 🛒 Affrettati, 29.5K già venduti! Venduto da Wall Cat. Hashtag: #PerizomaDonna #BiancheriaIntima #ModaDonna #OffertaImperdibile #TikTokShop #StileQuotidiano #ComodoETraspirante,not harmful,The description is promoting women's underwear, focusing on comfort and affordability. It does not contain any explicit or suggestive content, nor does it fall under any of the harmful content categories listed.
7179230287287602438,https://www.tiktok.com/@temp/video/7179230287287602438,🤪🥸,not harmful,The description consists of emojis that do not suggest any harmful content or fall under any of the specified harmful content categories.
7125746944718195973,https://www.tiktok.com/@temp/video/7125746944718195973,Play more games on my channel! #minigames #minigame #minispiel #tiktokgaming #tiktokgame #games #foryou #fypシ #minispiele #viral #basketballfrvr,not harmful,The description promotes playing games, which does not fall under any of the harmful content categories listed. It is related to gaming content, which is generally suitable for all audiences, including minors.
7528391792278899990,https://www.tiktok.com/@temp/video/7528391792278899990,ogni cosa hai i suoi pro e i suoi contro,not harmful,The description "ogni cosa hai i suoi pro e i suoi contro" translates to "everything has its pros and cons" in English. This statement is neutral and does not fall under any of the harmful content categories listed.
7484173564115995926,https://www.tiktok.com/@temp/video/7484173564115995926,le conoscete? #trends #ballettiktok #ragazzeitaliane #girls #visual #aliceperego #lisaluchetta #zahide #camillamasato #fyp,not harmful,The description appears to be promoting a dance trend or challenge, which is common on TikTok. It does not reference any harmful content categories such as disordered eating, self-harm, or dangerous activities.
7491403583548591382,https://www.tiktok.com/@temp/video/7491403583548591382,Trucchi del mestiere😌#neiperteee #vira #drinktok,not harmful,The description does not indicate any content related to the harmful categories listed, such as disordered eating, self-harm, dangerous activities, or any other harmful behavior. It appears to be a general or lifestyle-related post.
7462310616657644822,https://www.tiktok.com/@temp/video/7462310616657644822,Un film da “capogiro”, letteralmente. Da vedere su paramount plus ma credo che si possa trovare anche su Tik Tok diviso in parti. TRAMA: Quando due migliori amiche scalano una torre radio abbandonata e remota, una delle più alte degli Stati Uniti per un’acrobazia da social network, si ritrovano intrappolate a più di 600 metri di altezza. Cinema, consigli cinema, film, film da vedere, recensioni film. #film #cinema #thriller #consiglifilm #fall #davedere #recensioni #cinemalover #paramountplus,harmful,The description promotes a film where characters engage in a dangerous activity (climbing a tall, abandoned radio tower) for social media stunts, which could encourage minors to imitate such risky behavior.
7109539613584280838,https://www.tiktok.com/@temp/video/7109539613584280838,1 modo per farlo impazzire in intimità #psicologiaitalia #psicologiapositiva #seduzione #attrazione #motivazione #autostima,not harmful,The description appears to focus on psychological and motivational themes related to attraction and self-esteem, without explicit or suggestive content that would fall under the harmful categories.
6877596990742580482,https://www.tiktok.com/@temp/video/6877596990742580482,#duet with @rocketfuel69,not harmful,The description "#duet with @rocketfuel69" does not inherently suggest any harmful content based on the provided framework. It simply indicates a collaborative video format on TikTok.
7515741420045602070,https://www.tiktok.com/@temp/video/7515741420045602070,#alcol #bere #perte,harmful,The description includes references to alcohol, which can promote or normalize underage drinking, making it potentially harmful for minors.
7444252433737387286,https://www.tiktok.com/@temp/video/7444252433737387286,When nature strikes back…Made with @Hailuo AI (MiniMax) #Tsunami #EpicWave #NaturalDisaster #OceanPower #WaveOfDestruction #UnstoppableNature #ClimateCrisis #EarthForce #ViralVideo #CinematicScenes #DisasterMovieVibes #hailuoai #minimax #fantasy #irinamalina_ai #UnrealNature #AIArt #OceanFury #globalimpact,not harmful,The description refers to a video likely depicting AI-generated or cinematic scenes of natural disasters, such as tsunamis. While it mentions destruction, it does not fall under any of the harmful content categories like shocking and graphic content, as it seems to be more about artistic representation rather than real-life graphic depictions.
7088294112385944838,https://www.tiktok.com/@temp/video/7088294112385944838,Cosa spinge all’abuso di droghe? E quali sono le conseguenze?A San Patrignano abbiamo incontrato 6 persone che ci hanno raccontato le loro storie di dipendenza e i loro percorsi di riabilitazione nella comunità. Potete vedere tutti gli episodi della docu-serie “Resistenze” sulle nostre pagine Facebook e YouTube #resistenze #freeda #docuserie #documentary #dietrolequinte #addiction,not harmful,The description discusses a docu-series about drug addiction and rehabilitation, which is educational and informative rather than promoting or glorifying drug use. It aims to raise awareness about the consequences of drug abuse and the process of recovery, which is beneficial for viewers, including minors.
7516855735884565782,https://www.tiktok.com/@temp/video/7516855735884565782,Una scommessa da 10€ oggi. Un mutuo negato domani. È tutela o controllo? Scrivimelo nei commenti. #mutuo #banca #contocorrente #giocoazzardo #giovanioggi #gentlemanfm #tiktokitalia,harmful,The video description discusses gambling, which is considered harmful content as it can promote gambling behavior among minors.
7527687400240254230,https://www.tiktok.com/@temp/video/7527687400240254230,#perte #alcohol #foryou #serata #sbocco,harmful,The video description includes a hashtag related to alcohol, which can promote or depict the consumption of alcohol, potentially influencing minors to engage in similar behavior.
7387770845847997728,https://www.tiktok.com/@temp/video/7387770845847997728,Fatti pagare un caffé con questa semplice scommessa! Per questo video mi baso su un gioco che, da quel che so, è di Gianfranco Preverino, maestro della prestigiazione e del mondo dei bari/scommesse! #magia #spiegazione #wizfanelli,harmful,The video description promotes a betting game, which falls under the category of gambling. This type of content can be harmful to minors as it may encourage them to engage in gambling activities.
7534636428534320406,https://www.tiktok.com/@temp/video/7534636428534320406,Raccomandazione di biancheria intima traspirante da uomo#fyp #musthave #fashion #Biancheria intima,not harmful,The description is about recommending breathable men's underwear, which does not fall under any of the harmful content categories listed. It is related to fashion and does not suggest any inappropriate or harmful behavior.
7514299779073969431,https://www.tiktok.com/@temp/video/7514299779073969431,Ma quali sono le conseguenze di una dieta restrittiva? 🚫Esatto, la dieta, soprattutto se drastica ha degli effetti collaterali da non trascurare 👤Effetti sul corpo e sulla mente: 📍rallentamento metabolico, il corpo entra in modalità “risparmio energetico” e brucia meno kcal 📍perdita di massa muscolare: è un fattore da non trascurare, proprio perché perdendo muscolo si va ulteriormente a rallentare il metabolismo Infatri spesso quando si finisce la dieta si riprendono in fretta i kg persi con gli interessi 📍maggiore desiderio di carboidrati, dolce e salato: proprio perché sono la fonte privilegiata di energia per il corpo 📍pensiero costante rivolto al cibo, in particolare ai cibi di cui ci stiamo privando 📍maggiore rischio di abbuffate e perdita di controllo 📍incapacità di percepire i nostri segnali, in particolare la sazietà 📍senso di colpa, fallimento, frustrazione 👤🍒🍝Se non rispettiamo un bisogno primario come quello di nutrirci, il nostro corpo metterà in atto dei meccanismi di difesa, sia a livello fisico che psicologico! ⛓️‍💥Non c’entra la forza di volontà, sono meccanismi bene conosciuti, automatici che si ripetono ogni qualvolta che proviamo a chiudere l’alimentazione dentro regole rigide Un’alternativa gentile c’è! Non farti ingannare dall’ennesima dieta♥️🌸 #intuitiveeating #culturadelladieta #nutrizione #dimagrire #bilancia #peso #salute #kcal #giudizio #fameemotiva #mindfuleating #dietarestrittiva #dieta #nutrizionista #abbuffate,not harmful,The video description discusses the negative consequences of restrictive dieting and promotes a healthier approach to eating, which aligns with promoting positive body image and mental health. It does not encourage disordered eating or harmful behaviors.
7460491818732391702,https://www.tiktok.com/@temp/video/7460491818732391702,The human preparations at BODY WORLDS exhibits come from the donor program. Donors choose to give their bodies for medical science and education, focusing on anatomy, not personal details. Want to see more? Visit BODY WORLDS or check our website—link in bio! #BodyWorldsAmsterdan #BodyWorlds #DonorProgram #AnatomyEducation #ScienceForGood #DidYouKnow,not harmful,The description promotes educational content related to anatomy and medical science, which is not harmful. It does not fall under any of the harmful content categories listed, as it focuses on educational and scientific purposes without any graphic or shocking content.
7244169215295425819,https://www.tiktok.com/@temp/video/7244169215295425819,#ironia :),not harmful,The description "#ironia :)" does not fall under any of the harmful content categories listed. It appears to be a playful or sarcastic remark without any indication of harmful content.
7526273344476286230,https://www.tiktok.com/@temp/video/7526273344476286230,L’alcool me sauve #percer,harmful,The description suggests that alcohol is a solution or a form of escape, which can promote unhealthy behavior and attitudes towards alcohol consumption, especially to minors.
7147006134648311045,https://www.tiktok.com/@temp/video/7147006134648311045,🎤 @Léa Lrnc #dilemma #tiktok #trend #music #funny #drole #pourtoi #foryou #france #trending #viral #fyp #humour #bestfriend #fun,not harmful,The description suggests a music-related, humorous, and trending video without any indication of harmful content such as disordered eating, self-harm, dangerous activities, or any other categories listed in the harmful content framework.
7302810829399805216,https://www.tiktok.com/@temp/video/7302810829399805216,THREEMA, L'APP CHE GARANTISCE LA PRIVACY #yourpersonaldetective#detective#investigatoreprivato#attenzione#calcioscommesse#neiperte#privacy#spy#tips,not harmful,The description discusses an app that guarantees privacy and includes hashtags related to privacy, detective work, and tips. There is no indication of harmful content such as gambling promotion, as "calcioscommesse" (football betting) is mentioned in a context that does not explicitly promote gambling.
7397108398703004961,https://www.tiktok.com/@temp/video/7397108398703004961,Che figata il corpo umano…🤩 #curiosità #anatomia #corpoumano #letsmove #diegofusina,not harmful,The description appears to be about the human body and anatomy, which is educational and does not fall under any of the harmful content categories listed.
7499836724701367574,https://www.tiktok.com/@temp/video/7499836724701367574,Dentro quell’auto c’era un segreto… e la polizia lo scopre pezzo per pezzo.” #p#poliziaitalianas#sequestrod#drogac#cronacaPoliceControl,harmful,The description suggests the discovery of drugs by the police, which falls under the category of content related to drugs, making it potentially harmful for minors.
7526973477438459158,https://www.tiktok.com/@temp/video/7526973477438459158,esperienza #perte #trekking #dolomiti #auronzo #trecimedilavaredo #cinesi #grotta,not harmful,The description appears to be about a trekking experience in the Dolomites, specifically at Tre Cime di Lavaredo, and includes hashtags related to the location and activity. There is no indication of harmful content such as disordered eating, self-harm, dangerous activities, or any other categories listed in the harmful content framework.
7531071828878429462,https://www.tiktok.com/@temp/video/7531071828878429462,#costamerlata #perte #salento #sea #puglia #italy @rosella💅🏻👛🌷🍬🛍️💕💄,not harmful,The description contains hashtags related to a location and personal tags, with no indication of harmful content such as disordered eating, self-harm, dangerous activities, or any other categories listed in the harmful content framework.
7530259258202443030,https://www.tiktok.com/@temp/video/7530259258202443030,Erkenn den Bart an …estaaaaaaaaa #viral_video#viral#fürdichpage#fypdong#viraliza#fürdich#vairal#viralizatiktok#viralizaae#viralizaai,not harmful,The description does not indicate any content related to the harmful categories listed, such as disordered eating, self-harm, dangerous activities, or any other harmful behavior. It appears to be a general or humorous video likely related to facial hair, which is not harmful.
7532077184995839254,https://www.tiktok.com/@temp/video/7532077184995839254,“È stata una gravidanza cercata e voluta” 🎀 #GiuliaDeLellis parla della dolce attesa della sua Priscilla 💕 #Verissimo #davedere,not harmful,The description discusses a wanted and planned pregnancy, which does not fall under any of the harmful content categories listed. It is a positive and personal announcement about expecting a child.
7532922930603379990,https://www.tiktok.com/@temp/video/7532922930603379990,non so ancora se sia reale o se stia sognando😳🎶 #bocelli #virginiabocelli #cantareconbocelli,not harmful,The description appears to be about a musical performance or experience involving Andrea Bocelli and Virginia Bocelli. It does not fall under any of the harmful content categories listed.
7520297317203709206,https://www.tiktok.com/@temp/video/7520297317203709206,🇫🇷🇩🇪 #foryou,not harmful,The description only includes flag emojis and a hashtag, which does not fall under any of the harmful content categories listed.
7530534267160399126,https://www.tiktok.com/@temp/video/7530534267160399126,Mia mamma icona n.1 😂 #laureamagistrale #perte,not harmful,The description appears to be lighthearted and does not fall under any of the harmful content categories listed. It seems to be a personal or humorous post related to a graduation or academic achievement.
7530807033600232726,https://www.tiktok.com/@temp/video/7530807033600232726,Ij teng e paparell😂🦆#perte #foryou #papera,not harmful,The description appears to be lighthearted and humorous, referencing a duck emoji and does not fall under any of the harmful content categories listed.
7519981705139113238,https://www.tiktok.com/@temp/video/7519981705139113238,mamma se stai guardando questo video non ho fatto nulla 🙏🏻,not harmful,The description is in Italian and translates to "mom if you are watching this video I didn't do anything 🙏🏻". It does not fall under any of the harmful content categories listed, as it does not suggest any harmful behavior or content.
7503547470006226198,https://www.tiktok.com/@temp/video/7503547470006226198,You can try it this way too #learnfromkhaby #comedy,not harmful,The description suggests a comedic video, likely involving a humorous take on a situation, which does not fall under any of the harmful content categories listed.
7525124927331044630,https://www.tiktok.com/@temp/video/7525124927331044630,#perte #fyp #mamma,not harmful,The description does not indicate any content related to the harmful categories listed. It appears to be general or personal content, likely related to family or everyday life.
7532898336269962518,https://www.tiktok.com/@temp/video/7532898336269962518,Est-ce qu’Anna accepte d’aller dans la suite de l’Amour ? 😱🤣 #humour #pourtoi #foryou,not harmful,The description appears to be related to humor and does not fall under any of the harmful content categories listed. It seems to be a light-hearted or comedic video, likely involving a playful or humorous situation.
7532508942467960086,https://www.tiktok.com/@temp/video/7532508942467960086,Versuche zurzeit ein paar meiner Follower zurück zu folgen❤️➡️,not harmful,The description is about following back followers on TikTok and does not fall under any of the harmful content categories listed.
7532208700942077190,https://www.tiktok.com/@temp/video/7532208700942077190,MY FAV DANCE !!,not harmful,The description simply mentions a favorite dance, which does not fall under any of the harmful content categories listed.
7527346617104551190,https://www.tiktok.com/@temp/video/7527346617104551190,in fondo è pur sempre una DIVA 💕😍,not harmful,The description translates to "after all, she is still a DIVA 💕😍" and does not fall under any of the harmful content categories listed. It appears to be a positive or admiring statement.
7526701516003020054,https://www.tiktok.com/@temp/video/7526701516003020054,Ma in che senso? E allora tutto quello in cui credevo…,not harmful,The description is vague and does not explicitly reference any harmful content categories such as disordered eating, self-harm, or dangerous activities. It appears to be an expression of confusion or disbelief, which is not inherently harmful.
7529659133415525654,https://www.tiktok.com/@temp/video/7529659133415525654,Team beta o breakfast club?? @𝖆𝖕𝖔𝖑𝖔 @Álvarito🐍 @Viola Silvi @Fabio Ferrucci @Cristiano🌓,not harmful,The description appears to be a casual mention of a group or team, possibly related to a social or entertainment context, and does not fall under any of the harmful content categories listed.
7533599474694884630,https://www.tiktok.com/@temp/video/7533599474694884630,Dopo i primi due presunti incontri nella zona di Torriglia e il terzo ai piedi del monte Fasce, Pier Fortunato Zanfretta torna in servizio nell'entroterra genovese🚓 A Fallarosa, a pochi chilometro dal luogo dove avvenne il primo episodio, il metronotte tenta di comunicare con la centrale via radio: ha un forte mal di testa... e poi il nulla...👽 Colleghi e Polizia giungono sul posto ed è il caos 👉 nel quarto episodio vi racconteremo ciò che è successo, con una parentesi dedicata alle sedute di ipnosi a cui Zanfretta si sottopose (con registrazioni audio) Con noi Rino Di Stefano ed Enrico Pietra leggi l'articolo su mentelocale.it #mentelocalegenova #faimentelocale #ufo #alieni #abduction #genova,not harmful,The description discusses a mysterious event involving UFOs and alleged alien encounters. It does not fall under any of the harmful content categories such as disordered eating, self-harm, dangerous activities, or any other listed harmful content. It appears to be a narrative or storytelling content related to alleged extraterrestrial experiences.
7532199191431613719,https://www.tiktok.com/@temp/video/7532199191431613719,Elle l’a fait 😱,not harmful,The description "Elle l’a fait 😱" (translated to "She did it 😱") is vague and does not explicitly indicate any harmful content based on the provided framework. Without additional context, it does not suggest disordered eating, self-harm, dangerous activities, or any other harmful categories.
7530376607287086359,https://www.tiktok.com/@temp/video/7530376607287086359,La Polizia di Napoli ferma delle probabili vedette tra cui un pilota d'aereo,not harmful,The description discusses a police action in Naples involving potential lookouts, including an airplane pilot. It does not fall under any of the harmful content categories listed, such as disordered eating, self-harm, or hate speech.
7531347646338862369,https://www.tiktok.com/@temp/video/7531347646338862369,🙌 È diventato virale sui social il video di un bagnante che dà uno “schiaffetto” alla nuca di Paolo Bonolis in spiaggia a Formentera. In realtà lo “schiaffeggiatore” è Roberto Cenci, autore e regista di Mediaset, nonché amico di vecchia data del conduttore. Un siparietto tra amici che ha inizialmente generato grande dibattito tra gli utenti. Credits: Roberto Cenci,not harmful,The description discusses a light-hearted and friendly interaction between two individuals, which does not fall under any of the harmful content categories. It is a playful moment between friends and does not promote any harmful behavior or content.
7519826511478836536,https://www.tiktok.com/@temp/video/7519826511478836536,Katherine acted so well that every time I see this scene I get confused 🤔 #famouseditxx #edit #fyp #katherinepierce #tvd #tvdu #thevampirediaries #ninadobrev #p4lsoc #jcqedits [all fake TikTok],not harmful,The description discusses an acting performance from a fictional TV show and does not fall under any of the harmful content categories listed. It is related to entertainment and does not pose a risk to minors.
7529247827004869920,https://www.tiktok.com/@temp/video/7529247827004869920,Quando la realtà supera il meme...🤯 FORZA NAPOLI, ed è subito 'SKIBIDIBOPPI' dal ritiro del Napoli 😅🤣 #SSCNapoli #Lombardo #JuanJesus,not harmful,The description appears to be about a sports team, Napoli, and includes some light-hearted humor and support for the team. It does not fall under any of the harmful content categories listed.
7529854406465015062,https://www.tiktok.com/@temp/video/7529854406465015062,no rega spiegatemi #paranormal #mare #perte #aiuto #hopaura,not harmful,The description appears to be about a paranormal or supernatural topic, which does not fall under any of the harmful content categories listed. It seems to be intended for entertainment or curiosity rather than promoting harmful behavior or ideas.
7531304252568767766,https://www.tiktok.com/@temp/video/7531304252568767766,Prodotti scaduti addirittura da oltre vent’anni, chili di tartufo privi di indicazioni sui canali di approvvigionamento e altrettanti di porcini senza documenti di verifica di commestibilità e salubrità, ma anche cani e gatti liberi di muoversi sui piani di preparazione dei piatti da servire ai clienti. E queste non sono che alcune delle irregolarità riscontrate dai carabinieri del Nas di Bologna in numerosi rifugi controllati sull’Appennino emiliano romagnolo, all’interno dei parchi regionali. Dei 16 rifugi controllati, solo quattro sono risultati completamente in regola, mentre altri quattro sono stati sospesi. Complessivamente, dunque, sono state elevate sanzioni per circa 27 mila euro. Alcune irregolarità, come anticipato, sono risultate anche molto gravi: complessivamente sono stati sequestrati oltre 700 chili di carni (daino, cervo, cinghiale, bovino), trote salmonate, salumi, latticini, bevande e altri alimenti scaduti, in alcuni casi da oltre 20 anni; tutti prodotti in attesa di essere somministrati o utilizzati nella preparazione dei piatti da servire ai commensali e agli escursionisti, numerosi specie nel periodo estivo. Il valore complessivo dei prodotti sequestrati è stato stimato in circa 35 mila euro. 👉 L'articolo completo di Federica Nannetti prosegue sul Corriere #rifugi #nas #cibo,not harmful,The description discusses food safety violations and inspections by authorities, which does not fall under any of the harmful content categories listed. It is informative and does not promote or depict harmful behavior.
7296111153678273825,https://www.tiktok.com/@temp/video/7296111153678273825,Cosa si prova a vivere con un chirurgo plastico? La mia famiglia risponde #chirurgiapostbariatrica #chirurgiaplastica #chirurgiaestetica,not harmful,The description discusses living with a plastic surgeon and includes hashtags related to plastic surgery. It does not promote disordered eating, body image issues, or any other harmful content categories.
7483143172424568086,https://www.tiktok.com/@temp/video/7483143172424568086,@yleanaaaa  #⚽️🏀🏐⚽️ #scommessecalcio #perte #planetwin365 #scommessa #fyp #foryouu #ludopatia,harmful,The video description includes hashtags related to betting and gambling, which can be harmful content for minors as it promotes gambling behavior.
7458262513440918806,https://www.tiktok.com/@temp/video/7458262513440918806,ho perso 15 chili in soli 3 mesi mangiando #dimagrire #perderepeso #estateinforma #mammainforma #amarsi #piacersi #amati #cambiamenti #cambiamento #rimanereinforma  #dimagrire #dimagrirevelocemente #dimagriremangiando,harmful,The description promotes rapid weight loss, which can encourage unhealthy eating habits and body image issues, especially among impressionable minors.
7400080103746719009,https://www.tiktok.com/@temp/video/7400080103746719009,L’amore vero per me è questo…🫶🏽❣️🌅 #love #mylove #lover #shoot,not harmful,The description appears to be about love and does not fall under any of the harmful content categories listed. It seems to be a positive expression of affection.
7507659289356422422,https://www.tiktok.com/@temp/video/7507659289356422422,Kris Jenner ➡️ La “Momager” per eccellenza. Icona di resilienza e strategia, ha saputo trasformare la sua energia interiore in una forza anche estetica. 🎀 Si ipotizzano interventi come un lifting profondo, una blefaroplastica e trattamenti mirati per migliorare texture e qualità cutanea. Il risultato? Straordinariamente naturale e armonico. Voi cosa ne pensate del suo percorso di trasformazione estetica? Lasciate un commento qui sotto!👇👇👇 #KrisJenner #Momager #ChirurgiaEstetica #LiftingFacciale #Blefaroplastica #TrattamentiViso #SkincareAvanzata #BellezzaSenzaTempo #AntiAge #Ringiovanimento #EsteticaDiClasse #BeautyTransformation #IconaDiStile #CelebrityLook #CuraDellaPelle,not harmful,The description discusses cosmetic procedures and skincare in a neutral and informative manner without promoting disordered eating, body image issues, or any other harmful content categories. It focuses on aesthetic transformation and invites opinions, which is not inherently harmful.
7389897779604147489,https://www.tiktok.com/@temp/video/7389897779604147489,😊👍 #precision #precisionchallenge #2 #precisionchallenge2 #game #tiktokgame #challenge #tiktokchallenge2024 #tiktokchallenge #tiktokfilter #filter #effect #tiktokeffect #trend #tiktoktrend #trending #fyp #fypシ #foryou #foryourpage #foryoupage #viral #viralvideo #blowthisup #pleasegoviral #filterchallenge #filtertrend #caglings36 #filters #newtrend #newtrending #newtrendchallenge #fypage,not harmful,The description promotes a TikTok challenge involving a filter or effect, which does not fall under any of the harmful content categories listed. It appears to be a typical social media trend without any indication of dangerous or inappropriate content.
7523294263795289366,https://www.tiktok.com/@temp/video/7523294263795289366,#cloresrl #wholesale #stocks #underwear #нижнеебелье #luxury #biancheriaintima,not harmful,The description appears to be related to wholesale and stock of underwear, which does not fall under any of the harmful content categories listed. It seems to be a business-related post without any indication of harmful content.
7466174234088230166,https://www.tiktok.com/@temp/video/7466174234088230166,#voliamoneiperte,not harmful,The description "#voliamoneiperte" does not indicate any harmful content based on the provided framework. It does not reference any of the harmful categories such as disordered eating, self-harm, dangerous activities, or any other listed harmful content.
7534094634469821718,https://www.tiktok.com/@temp/video/7534094634469821718,Scopri i 5 tsunami più devastanti della storia! In questo video, esploreremo gli eventi naturali che hanno lasciato un segno indelebile sul nostro pianeta, analizzando l'altezza degli tsunami e i danni stimati in euro. Dalla furia distruttiva dell'onda di Tōhoku nel 2011 ai catastrofici eventi di Sumatra nel 2004, ogni tsunami ha una storia da raccontare. Prepara la tua mente per un viaggio emozionante tra statistiche e racconti strazianti di resilienza. Non dimenticare di mettere un like e condividere il video! Unisciti a noi per conoscere questi eventi che hanno cambiato il corso della storia. #Tsunami #DisastriNaturali #giappone #2011 #terremoto #classifica,not harmful,The video description discusses historical natural disasters, specifically tsunamis, and their impact. It focuses on educational content about natural events and does not fall under any of the harmful content categories listed.
7506163301282237718,https://www.tiktok.com/@temp/video/7506163301282237718,Într-un final… #fyp #fy #casino #plata #aparate #bucuresti,harmful,The description includes hashtags related to a casino and gambling, which can be harmful content for minors as it promotes gambling activities.
7224084683972168986,https://www.tiktok.com/@temp/video/7224084683972168986,Le attività giornaliere pericolose....cambiare il prezzo a ChefLife #gamestop #gamestopemployee #gamestopitaly #gamestopworker #commesso #jaws #cheflife,not harmful,The description refers to a video about daily activities related to changing prices in a game called ChefLife, which does not fall under any of the harmful content categories listed. It appears to be related to a work or gaming context, not promoting dangerous activities or challenges.
7500547339354983702,https://www.tiktok.com/@temp/video/7500547339354983702,Day 12 #simulation #airplane #planegame #gaming #casino,harmful,The mention of "casino" suggests content related to gambling, which can be harmful to minors as it may promote gambling behavior.
7236105466164645125,https://www.tiktok.com/@temp/video/7236105466164645125,@ZipoliteOaxaca de ls mejores experiencias!! #playa #beach #tiktoksdeviajes #pequeñaviajera #viajerasmexicanas #vacaciones #goodvibes #mar #viajes #traveltiktok #zipolite #playanudista #nudebeach #travellife #beachvibes,harmful,The description mentions "playa nudista" and "nude beach," which suggests content related to nudity and body exposure, potentially making it inappropriate for minors.
7528685120945966358,https://www.tiktok.com/@temp/video/7528685120945966358,Blood Splashing effects VFX Green Screen Animation. #vfx #blood #effect #animation #greenscreensticker #greenscreenvideo #fyp #greenscreen,harmful,The description suggests the video contains blood splashing effects, which can be considered graphic and potentially disturbing for minors.
7470415804127792406,https://www.tiktok.com/@temp/video/7470415804127792406,Il primo bacio è quello intimo tra mamma e bambino subito dopo la nascita e poi rappresenta “nutrimento affettivo” durante tutta la crescita. Passerei le ore così, a baciarti tutta 🥺 #mom #mamma #neomamma #neonato #baci,not harmful,The description discusses the affectionate bond between a mother and her newborn, which is a natural and nurturing aspect of parenting. It does not fall under any of the harmful content categories listed.
7503623167622139158,https://www.tiktok.com/@temp/video/7503623167622139158,🌪️ #dance #fyp #viral #trend #dc #trendingsound #trendingvideos #viralvideos #foryoupagе,not harmful,The description contains hashtags related to dancing and trending content, with no indication of harmful content such as disordered eating, self-harm, dangerous activities, or any other categories listed in the harmful content framework.
7498596231657098551,https://www.tiktok.com/@temp/video/7498596231657098551,Cuerpos humanos reales🫀 ¡Última semana! #exhibition #museo #guatemala #medicina #guatemala🇬🇹,not harmful,The description appears to be promoting an exhibition related to human anatomy or medical science, which is educational in nature. It does not fall under any of the harmful content categories listed.
7181779872665160987,https://www.tiktok.com/@temp/video/7181779872665160987,women with pcos🎀🎀🎀❤️,not harmful,The description does not fall under any of the harmful content categories listed. It appears to be a supportive or informative mention of women with Polycystic Ovary Syndrome (PCOS), which is a medical condition.
7434218291268160791,https://www.tiktok.com/@temp/video/7434218291268160791,I metodi e i rimedi Dott. Rabitti- Bertolaso ,sono da intendersi quali formulazioni cosmetiche naturali. I contenuti di questo video sono espressione delle attuali conoscenze scientifiche. Nel passare da tali informazioni alla loro applicazione è sempre buona regola rivolgersi al proprio medico per assicurarsi che non vi siano controindicazioni specifiche. Questo video fornisce utili consigli ma gli integratori e cosmetici naturali non vanno intesi quali sostituti di uno stile di vita equilibrato e sano.#virilityperformance #pillolablu💙 #perte #prodottinaturali #perleblu #farmacistadifiducia #notiziadelgiorno #alternativapillolablu #pillolablu💙 #virilityperformance #perte,not harmful,The video description discusses natural cosmetic formulations and supplements, advising viewers to consult with a doctor before use. It emphasizes that these products are not substitutes for a healthy lifestyle. There is no indication of harmful content such as disordered eating, dangerous activities, or other categories listed in the harmful content framework.
7519166988380278038,https://www.tiktok.com/@temp/video/7519166988380278038,Cialis o Viagra? Facciamo chiarezza! #farmacia #farmaciste #farmacista #cialis #educazionesessuale,not harmful,The description appears to be educational in nature, discussing the differences between Cialis and Viagra, which are medications used for erectile dysfunction. It does not promote or depict harmful behavior or content.
7527967112753679647,https://www.tiktok.com/@temp/video/7527967112753679647,Beach VANISHES as Cyclone’s Spiral Devours Everything! 🌪️🔥 #CycloneChaos #NatureWrath #StormOfTheYear #ViralDisaster #BeachApocalypse #TerrifyingNature #SurvivalMode #EpicWave #WeatherGoneWild #TrendingNow #Tiktokviral #foryoupage #fyp,not harmful,The description discusses a natural disaster event, which may be dramatic but does not fall under any of the harmful content categories such as disordered eating, self-harm, or dangerous challenges. It is more about weather phenomena and does not contain graphic or shocking content that would be inappropriate for minors.
7525505003713219862,https://www.tiktok.com/@temp/video/7525505003713219862,Non sono contro, ognuno è libero di fare ciò che vuole, ma penso che nella vita ci siano cose più belle e salutari di spendere soldi in questo. Finché lo fai per divertimento una volta ogni tanto ci può anche stare, ma purtroppo non tutte le teste sono forti e a volte si finisce in un limbo.,not harmful,The description discusses spending money on something potentially addictive but emphasizes moderation and personal freedom. It does not explicitly promote or glorify harmful behavior such as gambling, alcohol, or drug use, and instead suggests a balanced approach.
7528421461162282262,https://www.tiktok.com/@temp/video/7528421461162282262,92i #dancetiktok #foruyou #fyp #pourtoi #viral #latina #dancetrend #girl #92i #leggings #fypppppppppppppp #legging #leggingquibail #trend #nikepros #dancechallenge #biglatinanikepro #92iultragechar #wormonastring #mom #2008string #teengirl,not harmful,The description primarily includes hashtags related to dance, trends, and clothing, which do not fall under any of the harmful content categories listed. There is no indication of disordered eating, self-harm, dangerous activities, or any other harmful content.
7527691460171418902,https://www.tiktok.com/@temp/video/7527691460171418902,La verità sulle diete 💔 Secondo la ricerca scientifica, le diete restrittive possono avere effetti negativi sulla salute mentale e fisica, aumentando il rischio di disturbi alimentari, ansia e depressione. 🤯 Uno studio pubblicato sulla rivista “Journal of the Academy of Nutrition and Dietetics” ha scoperto che le diete restrittive possono portare a una riduzione della massa muscolare e a un aumento della massa grassa. 📊 Inoltre, la National Eating Disorders Association (NEDA) stima che il 70% delle ragazze adolescenti hanno già provato a seguire una dieta restrittiva, aumentando il rischio di sviluppare disturbi alimentari. 🚨 È ora di cambiare il nostro approccio all’alimentazione e di insegnare alle nostre figlie a mangiare in modo sano e equilibrato, senza restrizioni o sensi di colpa. 🥗 Vuoi scoprire come fare? Commenta con “Sana Alimentazione” e ti invierò il link per scoprire come accedere al nostro programma Strong 2.0 e ottenere la guida GRATIS! 👇 Fonti: - “Journal of the Academy of Nutrition and Dietetics” (2019) - National Eating Disorders Association (NEDA) - Organizzazione Mondiale della Sanità (OMS) • Segui @vitadamamma3.0 Disclaimer:Incaricata indipendente Dna solutions #sanaalimentazione #mangiarebene #vivimeglio #donneempowered #mammeconsapevoli #salutementale #figli #benessere #andiamoneiperteee #mammeditiktok,not harmful,This description discusses the negative effects of restrictive diets and promotes healthy eating habits, which aligns with promoting positive body image and mental health. It does not fall under any harmful content categories and aims to educate and support healthier lifestyle choices.
7405545761762463009,https://www.tiktok.com/@temp/video/7405545761762463009,Alcune challenge pericolose e super virali nate su questa piattaforma. E ce ne sono di peggiori, amici. Sono TANTISSIME. #neiperte #creepyfacts #creepytok #disturbingfacts,harmful,The description mentions "dangerous challenges" which can encourage risky behavior among viewers, particularly minors.