video_id,link,account,desc,harmful,reasoning,day
7466438030002261270,https://www.tiktok.com/@temp/video/7466438030002261270,,Dieta chetogenica #chetosi#dietachetogenica#nutrizionista#nutrizione,not harmful,"The description discusses a ketogenic diet and includes hashtags related to nutrition and diet. It does not promote disordered eating or body image issues, nor does it fall under any other harmful content categories listed.",
7525482564522364182,https://www.tiktok.com/@temp/video/7525482564522364182,,"Perizoma Donna 12 Pezzi | Comodi e Traspiranti | Solo 9,23€! Testo: Scopri la nostra biancheria intima da donna in tinta unita, perfetta per ogni stagione! 12 pezzi di perizomi comodi e traspiranti, ideali per l’uso quotidiano. Prezzo incredibile: 9,23€! 🛒 Affrettati, 29.5K già venduti! Venduto da Wall Cat. Hashtag: #PerizomaDonna #BiancheriaIntima #ModaDonna #OffertaImperdibile #TikTokShop #StileQuotidiano #ComodoETraspirante",not harmful,"The description is promoting women's underwear, focusing on comfort and affordability. It does not contain any explicit or suggestive content, nor does it fall under any of the harmful content categories listed.",
7179230287287602438,https://www.tiktok.com/@temp/video/7179230287287602438,,🤪🥸,not harmful,The description consists of emojis that do not suggest any harmful content or fall under any of the specified harmful content categories.,
7125746944718195973,https://www.tiktok.com/@temp/video/7125746944718195973,,Play more games on my channel! #minigames #minigame #minispiel #tiktokgaming #tiktokgame #games #foryou #fypシ #minispiele #viral #basketballfrvr,not harmful,"The description promotes playing games, which does not fall under any of the harmful content categories listed. It is related to gaming content, which is generally suitable for all audiences, including minors.",
7310322353710451973,https://www.tiktok.com/@temp/video/7310322353710451973,,Dangerous jobs #views #cena #Nature #ship #ocean,not harmful,"The description does not explicitly promote or depict dangerous activities or challenges in a way that encourages viewers to engage in them. It appears to be a general reference to jobs that might be considered dangerous, without any indication of harmful content.",
7528391792278899990,https://www.tiktok.com/@temp/video/7528391792278899990,,ogni cosa hai i suoi pro e i suoi contro,not harmful,"The description ""ogni cosa hai i suoi pro e i suoi contro"" translates to ""everything has its pros and cons"" in English. This statement is neutral and does not fall under any of the harmful content categories listed.",
7484173564115995926,https://www.tiktok.com/@temp/video/7484173564115995926,,le conoscete? #trends #ballettiktok #ragazzeitaliane #girls #visual #aliceperego #lisaluchetta #zahide #camillamasato #fyp,not harmful,"The description appears to be promoting a dance trend or challenge, which is common on TikTok. It does not reference any harmful content categories such as disordered eating, self-harm, or dangerous activities.",
7491403583548591382,https://www.tiktok.com/@temp/video/7491403583548591382,,Trucchi del mestiere😌#neiperteee #vira #drinktok,not harmful,"The description does not indicate any content related to the harmful categories listed, such as disordered eating, self-harm, dangerous activities, or any other harmful behavior. It appears to be a general or lifestyle-related post.",
7462310616657644822,https://www.tiktok.com/@temp/video/7462310616657644822,,"Un film da “capogiro”, letteralmente. Da vedere su paramount plus ma credo che si possa trovare anche su Tik Tok diviso in parti. TRAMA: Quando due migliori amiche scalano una torre radio abbandonata e remota, una delle più alte degli Stati Uniti per un’acrobazia da social network, si ritrovano intrappolate a più di 600 metri di altezza. Cinema, consigli cinema, film, film da vedere, recensioni film. #film #cinema #thriller #consiglifilm #fall #davedere #recensioni #cinemalover #paramountplus",harmful,"The description promotes a film where characters engage in a dangerous activity (climbing a tall, abandoned radio tower) for social media stunts, which could encourage minors to imitate such risky behavior.",
7109539613584280838,https://www.tiktok.com/@temp/video/7109539613584280838,,1 modo per farlo impazzire in intimità #psicologiaitalia #psicologiapositiva #seduzione #attrazione #motivazione #autostima,not harmful,"The description appears to focus on psychological and motivational themes related to attraction and self-esteem, without explicit or suggestive content that would fall under the harmful categories.",
6877596990742580482,https://www.tiktok.com/@temp/video/6877596990742580482,,#duet with @rocketfuel69,not harmful,"The description ""#duet with @rocketfuel69"" does not inherently suggest any harmful content based on the provided framework. It simply indicates a collaborative video format on TikTok.",
7515741420045602070,https://www.tiktok.com/@temp/video/7515741420045602070,,#alcol #bere #perte,harmful,"The description includes references to alcohol, which can promote or normalize underage drinking, making it potentially harmful for minors.",
7444252433737387286,https://www.tiktok.com/@temp/video/7444252433737387286,,When nature strikes back…Made with @Hailuo AI (MiniMax) #Tsunami #EpicWave #NaturalDisaster #OceanPower #WaveOfDestruction #UnstoppableNature #ClimateCrisis #EarthForce #ViralVideo #CinematicScenes #DisasterMovieVibes #hailuoai #minimax #fantasy #irinamalina_ai #UnrealNature #AIArt #OceanFury #globalimpact,not harmful,"The description refers to a video likely depicting AI-generated or cinematic scenes of natural disasters, such as tsunamis. While it mentions destruction, it does not fall under any of the harmful content categories like shocking and graphic content, as it seems to be more about artistic representation rather than real-life graphic depictions.",
7088294112385944838,https://www.tiktok.com/@temp/video/7088294112385944838,,Cosa spinge all’abuso di droghe? E quali sono le conseguenze?A San Patrignano abbiamo incontrato 6 persone che ci hanno raccontato le loro storie di dipendenza e i loro percorsi di riabilitazione nella comunità. Potete vedere tutti gli episodi della docu-serie “Resistenze” sulle nostre pagine Facebook e YouTube #resistenze #freeda #docuserie #documentary #dietrolequinte #addiction,not harmful,"The description discusses a docu-series about drug addiction and rehabilitation, which is educational and informative rather than promoting or glorifying drug use. It aims to raise awareness about the consequences of drug abuse and the process of recovery, which is beneficial for viewers, including minors.",
7516855735884565782,https://www.tiktok.com/@temp/video/7516855735884565782,,Una scommessa da 10€ oggi. Un mutuo negato domani. È tutela o controllo? Scrivimelo nei commenti. #mutuo #banca #contocorrente #giocoazzardo #giovanioggi #gentlemanfm #tiktokitalia,harmful,"The video description discusses gambling, which is considered harmful content as it can promote gambling behavior among minors.",
7527687400240254230,https://www.tiktok.com/@temp/video/7527687400240254230,,#perte #alcohol #foryou #serata #sbocco,harmful,"The video description includes a hashtag related to alcohol, which can promote or depict the consumption of alcohol, potentially influencing minors to engage in similar behavior.",
7387770845847997728,https://www.tiktok.com/@temp/video/7387770845847997728,,"Fatti pagare un caffé con questa semplice scommessa! Per questo video mi baso su un gioco che, da quel che so, è di Gianfranco Preverino, maestro della prestigiazione e del mondo dei bari/scommesse! #magia #spiegazione #wizfanelli",harmful,"The video description promotes a betting game, which falls under the category of gambling. This type of content can be harmful to minors as it may encourage them to engage in gambling activities.",
7534636428534320406,https://www.tiktok.com/@temp/video/7534636428534320406,,Raccomandazione di biancheria intima traspirante da uomo#fyp #musthave #fashion #Biancheria intima,not harmful,"The description is about recommending breathable men's underwear, which does not fall under any of the harmful content categories listed. It is related to fashion and does not suggest any inappropriate or harmful behavior.",
7514299779073969431,https://www.tiktok.com/@temp/video/7514299779073969431,,"Ma quali sono le conseguenze di una dieta restrittiva? 🚫Esatto, la dieta, soprattutto se drastica ha degli effetti collaterali da non trascurare 👤Effetti sul corpo e sulla mente: 📍rallentamento metabolico, il corpo entra in modalità “risparmio energetico” e brucia meno kcal 📍perdita di massa muscolare: è un fattore da non trascurare, proprio perché perdendo muscolo si va ulteriormente a rallentare il metabolismo Infatri spesso quando si finisce la dieta si riprendono in fretta i kg persi con gli interessi 📍maggiore desiderio di carboidrati, dolce e salato: proprio perché sono la fonte privilegiata di energia per il corpo 📍pensiero costante rivolto al cibo, in particolare ai cibi di cui ci stiamo privando 📍maggiore rischio di abbuffate e perdita di controllo 📍incapacità di percepire i nostri segnali, in particolare la sazietà 📍senso di colpa, fallimento, frustrazione 👤🍒🍝Se non rispettiamo un bisogno primario come quello di nutrirci, il nostro corpo metterà in atto dei meccanismi di difesa, sia a livello fisico che psicologico! ⛓️‍💥Non c’entra la forza di volontà, sono meccanismi bene conosciuti, automatici che si ripetono ogni qualvolta che proviamo a chiudere l’alimentazione dentro regole rigide Un’alternativa gentile c’è! Non farti ingannare dall’ennesima dieta♥️🌸 #intuitiveeating #culturadelladieta #nutrizione #dimagrire #bilancia #peso #salute #kcal #giudizio #fameemotiva #mindfuleating #dietarestrittiva #dieta #nutrizionista #abbuffate",not harmful,"The video description discusses the negative consequences of restrictive dieting and promotes a healthier approach to eating, which aligns with promoting positive body image and mental health. It does not encourage disordered eating or harmful behaviors.",
7460491818732391702,https://www.tiktok.com/@temp/video/7460491818732391702,,"The human preparations at BODY WORLDS exhibits come from the donor program. Donors choose to give their bodies for medical science and education, focusing on anatomy, not personal details. Want to see more? Visit BODY WORLDS or check our website—link in bio! #BodyWorldsAmsterdan #BodyWorlds #DonorProgram #AnatomyEducation #ScienceForGood #DidYouKnow",not harmful,"The description promotes educational content related to anatomy and medical science, which is not harmful. It does not fall under any of the harmful content categories listed, as it focuses on educational and scientific purposes without any graphic or shocking content.",
7244169215295425819,https://www.tiktok.com/@temp/video/7244169215295425819,,#ironia :),not harmful,"The description ""#ironia :)"" does not fall under any of the harmful content categories listed. It appears to be a playful or sarcastic remark without any indication of harmful content.",
7526273344476286230,https://www.tiktok.com/@temp/video/7526273344476286230,,L’alcool me sauve #percer,harmful,"The description suggests that alcohol is a solution or a form of escape, which can promote unhealthy behavior and attitudes towards alcohol consumption, especially to minors.",
7147006134648311045,https://www.tiktok.com/@temp/video/7147006134648311045,,🎤 @Léa Lrnc #dilemma #tiktok #trend #music #funny #drole #pourtoi #foryou #france #trending #viral #fyp #humour #bestfriend #fun,not harmful,"The description suggests a music-related, humorous, and trending video without any indication of harmful content such as disordered eating, self-harm, dangerous activities, or any other categories listed in the harmful content framework.",
7302810829399805216,https://www.tiktok.com/@temp/video/7302810829399805216,,"THREEMA, L'APP CHE GARANTISCE LA PRIVACY #yourpersonaldetective#detective#investigatoreprivato#attenzione#calcioscommesse#neiperte#privacy#spy#tips",not harmful,"The description discusses an app that guarantees privacy and includes hashtags related to privacy, detective work, and tips. There is no indication of harmful content such as gambling promotion, as ""calcioscommesse"" (football betting) is mentioned in a context that does not explicitly promote gambling.",
7397108398703004961,https://www.tiktok.com/@temp/video/7397108398703004961,,Che figata il corpo umano…🤩 #curiosità #anatomia #corpoumano #letsmove #diegofusina,not harmful,"The description appears to be about the human body and anatomy, which is educational and does not fall under any of the harmful content categories listed.",
